User Name,Full Name,Profile Pic
leonardus225,Leonardus Karel F.S,https://scontent-sin6-1.cdninstagram.com/v/t51.2885-19/s150x150/102550442_1618111341679218_6649715549049553427_n.jpg?_nc_ht=scontent-sin6-1.cdninstagram.com&_nc_cat=106&_nc_ohc=ev7XvyanMGoAX-aaXnu&oh=bf4c19865c1355a2a887ebf361f776b1&oe=5F41429F
reza_vvb,ùìúùì∏ùì¨ùì±ùì™ùì∂ùì∂ùì™ùì≠ ùì°ùìÆùîÉùì™,https://scontent-mad1-1.cdninstagram.com/v/t51.2885-19/44884218_345707102882519_2446069589734326272_n.jpg?_nc_ht=scontent-mad1-1.cdninstagram.com&_nc_ohc=_37RkaFTLEEAX_-OYdu&oh=0e853274ed1cf6c184c9557a32da4648&oe=5F43228F&ig_cache_key=YW5vbnltb3VzX3Byb2ZpbGVfcGlj.2
nabilputrafebryan,Nabil putra febryant,https://scontent-sin6-1.cdninstagram.com/v/t51.2885-19/s150x150/92827344_1350294055155996_7813571020765265920_n.jpg?_nc_ht=scontent-sin6-1.cdninstagram.com&_nc_cat=100&_nc_ohc=U6mUnOzUPTgAX8Jk_te&oh=1a3fe59933c52f49c8a59046deebd4e8&oe=5F401D09
reyshall,rey,https://scontent-sin6-2.cdninstagram.com/v/t51.2885-19/s150x150/108105676_286718105734274_2212953058554687098_n.jpg?_nc_ht=scontent-sin6-2.cdninstagram.com&_nc_cat=102&_nc_ohc=TAlf7pAGqAIAX_jMLZZ&oh=4a013ba3c4f39780066d951f168a7cf5&oe=5F41DE0D
ilhmpatria_,Ilham Patria Rajasa,https://scontent-sin6-2.cdninstagram.com/v/t51.2885-19/s150x150/109582223_918551091982366_47777068631801036_n.jpg?_nc_ht=scontent-sin6-2.cdninstagram.com&_nc_cat=110&_nc_ohc=UlZafir01W0AX_78JaV&oh=be18e5d2dca7629b732ad80588a66255&oe=5F405C5E
sterbennnnnnn,Yanuar Fabien,https://scontent-sin6-2.cdninstagram.com/v/t51.2885-19/s150x150/110102637_717226992389456_4920189158415539803_n.jpg?_nc_ht=scontent-sin6-2.cdninstagram.com&_nc_cat=108&_nc_ohc=14w9mZUJq9cAX9pa6Cw&oh=ffdb3a948762660dadbe60176a94bc3f&oe=5F41B53D
rifai_rahman15,Rifai Rahman - ÿ±ŸÅÿßÿπŸä ÿ±ÿ≠ŸÖŸÜ,https://scontent-sin6-2.cdninstagram.com/v/t51.2885-19/s150x150/30604872_175560333266852_8288022816570212352_n.jpg?_nc_ht=scontent-sin6-2.cdninstagram.com&_nc_cat=108&_nc_ohc=6yO31_BD7OsAX-MSDzn&oh=68134d1cb0338c1b5b28ee5e820c36a2&oe=5F40D149
yutaw_,,https://scontent-mad1-1.cdninstagram.com/v/t51.2885-19/44884218_345707102882519_2446069589734326272_n.jpg?_nc_ht=scontent-mad1-1.cdninstagram.com&_nc_ohc=_37RkaFTLEEAX_-OYdu&oh=0e853274ed1cf6c184c9557a32da4648&oe=5F43228F&ig_cache_key=YW5vbnltb3VzX3Byb2ZpbGVfcGlj.2
amandacantika_putri,amanda cantika putri,https://scontent-sin6-2.cdninstagram.com/v/t51.2885-19/s150x150/38488243_564384403976181_802622863843524608_n.jpg?_nc_ht=scontent-sin6-2.cdninstagram.com&_nc_cat=109&_nc_ohc=jjTuCjP9QWAAX8D_wNN&oh=1d79c98d22e69d8884879452279acd77&oe=5F4136A4
habib.rw,‚îà‚îâ ‚úàÔ∏é,https://scontent-sin6-2.cdninstagram.com/v/t51.2885-19/s150x150/111787004_209317977081905_8888803800348426093_n.jpg?_nc_ht=scontent-sin6-2.cdninstagram.com&_nc_cat=105&_nc_ohc=UhSkK_NoGcMAX9hJCLA&oh=4d002ae482a6050d06f3f953ed810920&oe=5F43A91D
afifananta.d,A,https://scontent-sin6-1.cdninstagram.com/v/t51.2885-19/s150x150/106407751_560839367925913_4350711738139540356_n.jpg?_nc_ht=scontent-sin6-1.cdninstagram.com&_nc_cat=101&_nc_ohc=QgrvmLWyUjAAX-NJF5F&oh=444ebfbb07d2ef75343974b109855901&oe=5F429018
buleasfuck,ùïÉùïñùïñ,https://scontent-sin6-1.cdninstagram.com/v/t51.2885-19/s150x150/109190045_301728414303811_280941609094729836_n.jpg?_nc_ht=scontent-sin6-1.cdninstagram.com&_nc_cat=107&_nc_ohc=rVVVtT9-xPIAX91Cp4X&oh=a0443879549555ac78aa7536fd5f9bde&oe=5F40793E
naufala.in,Naufal Aria,https://scontent-sin6-1.cdninstagram.com/v/t51.2885-19/s150x150/97312940_1901825363294111_5966902402526216192_n.jpg?_nc_ht=scontent-sin6-1.cdninstagram.com&_nc_cat=111&_nc_ohc=wGEBpT8HsCsAX9iNZyX&oh=dcf829f607866e5546c7dbab5ad41f73&oe=5F4347EF
fridalarasati,I G A F L,https://scontent-sin6-2.cdninstagram.com/v/t51.2885-19/s150x150/109973114_606796623307592_2392448749425853671_n.jpg?_nc_ht=scontent-sin6-2.cdninstagram.com&_nc_cat=108&_nc_ohc=mEH3R3L75dMAX-RyBiu&oh=316ae63b30d8ee2c6708238d7ccfd0e7&oe=5F40CFAE
rifqi_fahreziii,Rifqi Fahrezi,https://scontent-sin6-1.cdninstagram.com/v/t51.2885-19/s150x150/71187455_476778949585027_7976573735547174912_n.jpg?_nc_ht=scontent-sin6-1.cdninstagram.com&_nc_cat=107&_nc_ohc=7viWHJFRudkAX8xMEd9&oh=c31602ff50ec072fc4b253d6c9cf3f98&oe=5F43955E
feelkriluhur,FeelStrong,https://scontent-sin6-1.cdninstagram.com/v/t51.2885-19/s150x150/96413357_239075283862237_5608485221306466304_n.jpg?_nc_ht=scontent-sin6-1.cdninstagram.com&_nc_cat=101&_nc_ohc=QQ5vAGyCGoEAX_uMRxi&oh=dc14fa80b27cb195ba93595ef4f0268c&oe=5F41CFEF
adeetrians,Ade Triansyah,https://scontent-sin6-1.cdninstagram.com/v/t51.2885-19/s150x150/110570195_677875892938002_4921640626857668959_n.jpg?_nc_ht=scontent-sin6-1.cdninstagram.com&_nc_cat=106&_nc_ohc=d4L7x5OmW48AX_HvSCp&oh=ad3616d1b05667882b665888b93ddfd9&oe=5F438A96
undusigimana,,https://scontent-sin6-2.cdninstagram.com/v/t51.2885-19/s150x150/34393451_261863144372354_5635830638129971200_n.jpg?_nc_ht=scontent-sin6-2.cdninstagram.com&_nc_cat=102&_nc_ohc=VMLa4ar84BIAX9mYFXe&oh=34c0ca664a907851c67d21d8cd3f331a&oe=5F425D5D
akhmad_faisalakbar,Akhmad Faisal Akbarüòâ,https://scontent-sin6-1.cdninstagram.com/v/t51.2885-19/s150x150/106498327_310418610142067_6005962525276459434_n.jpg?_nc_ht=scontent-sin6-1.cdninstagram.com&_nc_cat=111&_nc_ohc=hMYyGAvJ6IkAX8QjXLG&oh=d2aaeb8d6792bbda250786e76ff64aea&oe=5F411D07
lifdyfird,Lifdy Firdaus,https://scontent-sin6-1.cdninstagram.com/v/t51.2885-19/s150x150/107555425_578782209341779_528505704888758435_n.jpg?_nc_ht=scontent-sin6-1.cdninstagram.com&_nc_cat=107&_nc_ohc=gXBqXs_XsasAX9ULneS&oh=57e5ba0f306714548fb9145f0f66eae7&oe=5F403D63
gizkamiko,Miko,https://scontent-sin6-1.cdninstagram.com/v/t51.2885-19/s150x150/106480876_889448791550394_9124438492072657555_n.jpg?_nc_ht=scontent-sin6-1.cdninstagram.com&_nc_cat=106&_nc_ohc=cUDQvWZvjtgAX9srMPJ&oh=5f48ec8fa90877f2e1771909ceaa16c4&oe=5F40AA88
_da.vin,,https://scontent-sin6-1.cdninstagram.com/v/t51.2885-19/s150x150/111931695_2748590451909661_6255861245204037517_n.jpg?_nc_ht=scontent-sin6-1.cdninstagram.com&_nc_cat=101&_nc_ohc=AvEFQyb0iGkAX9y_t2f&oh=ae6a89044aca0ec69ece0b85c71fc39f&oe=5F40B82F
shityyzens,netizen,https://scontent-sin6-2.cdninstagram.com/v/t51.2885-19/s150x150/69013049_927082210971370_5370977708840845312_n.jpg?_nc_ht=scontent-sin6-2.cdninstagram.com&_nc_cat=110&_nc_ohc=97SdqqHG9LUAX-VTk20&oh=b8547187a89c8ec7194845704e9bc066&oe=5F435C9A
aryalukkman,Frinanda Arya Kencana Lukman,https://scontent-sin6-2.cdninstagram.com/v/t51.2885-19/s150x150/66686869_1271525583010061_3275033165881671680_n.jpg?_nc_ht=scontent-sin6-2.cdninstagram.com&_nc_cat=105&_nc_ohc=XNClcL4BX3EAX8MMYV1&oh=ca6a8a0d4ba204ba87da336576b4b0c8&oe=5F3FEDC0
mrafliismail,ùñíùñïùñé,https://scontent-sin6-1.cdninstagram.com/v/t51.2885-19/s150x150/106480786_780788405792017_2843906827138651008_n.jpg?_nc_ht=scontent-sin6-1.cdninstagram.com&_nc_cat=101&_nc_ohc=6JMDNllAYBYAX-nA6Eh&oh=1e69ed4e80bc7190beb5764db0422d37&oe=5F42773F
irvanvzn,Miko.,https://scontent-sin6-2.cdninstagram.com/v/t51.2885-19/s150x150/50837893_377585943028718_6389657231767371776_n.jpg?_nc_ht=scontent-sin6-2.cdninstagram.com&_nc_cat=102&_nc_ohc=e7b8nKwvV8gAX_NkPJY&oh=f1b04f80126393e45fd5113128ab1c45&oe=5F3FE618
dheoandhycaa,dheo,https://scontent-sin6-2.cdninstagram.com/v/t51.2885-19/s150x150/106577812_766144940861571_4243470212575690049_n.jpg?_nc_ht=scontent-sin6-2.cdninstagram.com&_nc_cat=103&_nc_ohc=NtsIjBYDn1YAX_6F1dP&oh=53453854d453c496f15d6d7a3bcefeb9&oe=5F423542
arism76,ùòºùôçùôéùôàùòº,https://scontent-sin6-2.cdninstagram.com/v/t51.2885-19/s150x150/81447465_833104607156643_8992283370192896000_n.jpg?_nc_ht=scontent-sin6-2.cdninstagram.com&_nc_cat=103&_nc_ohc=nFE-SG5wBQAAX84Nk2G&oh=718e8d8b722a23c5b1d17bfcb94f9b98&oe=5F438163
zkhrf._,VGS‰∏®„Çµ„É≥„Ç≤,https://scontent-mad1-1.cdninstagram.com/v/t51.2885-19/44884218_345707102882519_2446069589734326272_n.jpg?_nc_ht=scontent-mad1-1.cdninstagram.com&_nc_ohc=_37RkaFTLEEAX_-OYdu&oh=0e853274ed1cf6c184c9557a32da4648&oe=5F43228F&ig_cache_key=YW5vbnltb3VzX3Byb2ZpbGVfcGlj.2
ryuu.exee,„É©„Éû„ÉÄ„Å´„Çµ„ÉÑ„É™„Ç™,https://scontent-sin6-1.cdninstagram.com/v/t51.2885-19/s150x150/106686508_290393098778824_7403495103397674783_n.jpg?_nc_ht=scontent-sin6-1.cdninstagram.com&_nc_cat=104&_nc_ohc=DkNRg_JQ8jgAX_rl8Ig&oh=1f22d4fcedf3b04fe9a057fc29a7e46b&oe=5F408924
_kevin.ry,Kepin,https://scontent-sin6-1.cdninstagram.com/v/t51.2885-19/s150x150/107902623_867552843733105_7618203678939439431_n.jpg?_nc_ht=scontent-sin6-1.cdninstagram.com&_nc_cat=101&_nc_ohc=ObI8pQiUJdwAX-uc5iI&oh=f75781f245e8d3b20c4defdeb759e0bf&oe=5F412DB3
haekalikhsandi,Haekal Ikhsandi,https://scontent-mad1-1.cdninstagram.com/v/t51.2885-19/44884218_345707102882519_2446069589734326272_n.jpg?_nc_ht=scontent-mad1-1.cdninstagram.com&_nc_ohc=_37RkaFTLEEAX_-OYdu&oh=0e853274ed1cf6c184c9557a32da4648&oe=5F43228F&ig_cache_key=YW5vbnltb3VzX3Byb2ZpbGVfcGlj.2
muflihnrfthn,Muflih Nurfathan,https://scontent-sin6-1.cdninstagram.com/v/t51.2885-19/s150x150/80122971_2869306656421854_663910070316171264_n.jpg?_nc_ht=scontent-sin6-1.cdninstagram.com&_nc_cat=106&_nc_ohc=4-X1wCMGG8IAX_RgPBv&oh=cd80e8fabbbb186c4975eb3668247684&oe=5F42E8B4
adithyayz,ÿØŸàŸÜ€ë ÿ£ÿØŸäÿ∑Ÿäÿß ü¶à,https://scontent-sin6-1.cdninstagram.com/v/t51.2885-19/s150x150/95552932_3035606226460668_3639116602965753856_n.jpg?_nc_ht=scontent-sin6-1.cdninstagram.com&_nc_cat=100&_nc_ohc=Dj5hm1K7XmgAX9kLEKo&oh=08d16422fccffaaf78b1d99fd28326cd&oe=5F42BF81
chrrylita,,https://scontent-sin6-2.cdninstagram.com/v/t51.2885-19/s150x150/105038901_2722772151162668_499684531016199087_n.jpg?_nc_ht=scontent-sin6-2.cdninstagram.com&_nc_cat=108&_nc_ohc=aM1M2bnjjD4AX8xemvV&oh=152fa77b27db8e44b0451478993c4530&oe=5F42A4A5
